acpi-support-base	0.143-5.1	all	install ok installed
acpid	1:2.0.33-2+b1	amd64	install ok installed
adduser	3.134	all	install ok installed
alsa-utils	1.2.8-1	amd64	install ok installed
apparmor	3.0.8-3	amd64	deinstall ok config-files
apt	2.6.1	amd64	install ok installed
apt-utils	2.6.1	amd64	install ok installed
base-files	12.4+deb12u2	amd64	install ok installed
base-passwd	3.6.1	amd64	install ok installed
bash	5.2.15-2+b2	amd64	install ok installed
bsdextrautils	2.38.1-5+b1	amd64	install ok installed
bsdutils	1:2.38.1-5+b1	amd64	install ok installed
busybox	1:1.35.0-4+b3	amd64	install ok installed
bzip2	1.0.8-5+b1	amd64	install ok installed
ca-certificates	20230311	all	install ok installed
connman	1.41-3	amd64	install ok installed
console-setup	1.221	all	install ok installed
console-setup-linux	1.221	all	install ok installed
coreutils	9.1-1	amd64	install ok installed
cpio	2.13+dfsg-7.1	amd64	install ok installed
cron	3.0pl1-162	amd64	install ok installed
cron-daemon-common	3.0pl1-162	all	install ok installed
dash	0.5.12-2	amd64	install ok installed
dbus	1.14.10-1~deb12u1	amd64	install ok installed
dbus-bin	1.14.10-1~deb12u1	amd64	install ok installed
dbus-daemon	1.14.10-1~deb12u1	amd64	install ok installed
dbus-session-bus-common	1.14.10-1~deb12u1	all	install ok installed
dbus-system-bus-common	1.14.10-1~deb12u1	all	install ok installed
debconf	1.5.82	all	install ok installed
debian-archive-keyring	2023.3+deb12u1	all	install ok installed
debianutils	5.7-0.5~deb12u1	amd64	install ok installed
diffutils	1:3.8-4	amd64	install ok installed
discover	2.1.2-10	amd64	install ok installed
discover-data	2.2013.01.13	all	install ok installed
dmidecode	3.4-1	amd64	install ok installed
dmsetup	2:1.02.185-2	amd64	install ok installed
dnsmasq	2.89-1	all	install ok installed
dnsmasq-base	2.89-1	amd64	install ok installed
dosfstools	4.2-1	amd64	install ok installed
dpkg	1.21.22	amd64	install ok installed
dvd+rw-tools	7.1-14+b1	amd64	install ok installed
e2fsprogs	1.47.0-2	amd64	install ok installed
eject	2.38.1-5+b1	amd64	install ok installed
fdisk	2.38.1-5+b1	amd64	install ok installed
file	1:5.44-3	amd64	install ok installed
findutils	4.9.0-4	amd64	install ok installed
firmware-linux-free	20200122-1	all	install ok installed
fuse3	3.14.0-4	amd64	install ok installed
gcc-12-base	12.2.0-14	amd64	install ok installed
gddrescue	1.27-1	amd64	install ok installed
genisoimage	9:1.1.11-3.4	amd64	install ok installed
gpart	1:0.3-10	amd64	install ok installed
gpgv	2.2.40-1.1	amd64	install ok installed
gpm	1.20.7-10+b1	amd64	install ok installed
grep	3.8-5	amd64	install ok installed
groff-base	1.22.4-10	amd64	install ok installed
growisofs	7.1-14+b1	amd64	install ok installed
grub-common	2.06-13+deb12u1	amd64	deinstall ok config-files
grub-pc	2.06-13+deb12u1	amd64	deinstall ok config-files
grub2-common	2.06-13+deb12u1	amd64	deinstall ok config-files
gzip	1.12-1	amd64	install ok installed
hdparm	9.65+ds-1	amd64	install ok installed
hostname	3.23+nmu1	amd64	install ok installed
htop	3.2.2-2	amd64	install ok installed
ifupdown	0.8.41	amd64	install ok installed
init	1.65.2	amd64	install ok installed
init-system-helpers	1.65.2	all	install ok installed
initramfs-tools	0.142	all	install ok installed
initramfs-tools-core	0.142	all	install ok installed
installation-report	2.89	all	deinstall ok config-files
intel-microcode	3.20230808.1~deb12u1	amd64	install ok installed
iproute2	6.1.0-3	amd64	install ok installed
iptables	1.8.9-2	amd64	install ok installed
iputils-ping	3:20221126-1	amd64	install ok installed
isc-dhcp-client	4.4.3-P1-2	amd64	install ok installed
isc-dhcp-common	4.4.3-P1-2	amd64	install ok installed
iucode-tool	2.3.1-3	amd64	install ok installed
kbd	2.5.1-1+b1	amd64	install ok installed
keyboard-configuration	1.221	all	install ok installed
klibc-utils	2.0.12-1	amd64	install ok installed
kmod	30+20221128-1	amd64	install ok installed
laptop-detect	0.16	all	install ok installed
less	590-2	amd64	install ok installed
libacl1	2.3.1-3	amd64	install ok installed
libapparmor1	3.0.8-3	amd64	install ok installed
libapt-pkg6.0	2.6.1	amd64	install ok installed
libargon2-1	0~20171227-0.3+deb12u1	amd64	install ok installed
libasound2	1.2.8-1+b1	amd64	install ok installed
libasound2-data	1.2.8-1	all	install ok installed
libatopology2	1.2.8-1+b1	amd64	install ok installed
libattr1	1:2.5.1-4	amd64	install ok installed
libaudit-common	1:3.0.9-1	all	install ok installed
libaudit1	1:3.0.9-1	amd64	install ok installed
libblkid1	2.38.1-5+b1	amd64	install ok installed
libbpf1	1:1.1.0-1	amd64	install ok installed
libbsd0	0.11.7-2	amd64	install ok installed
libbz2-1.0	1.0.8-5+b1	amd64	install ok installed
libc-bin	2.36-9+deb12u3	amd64	install ok installed
libc-l10n	2.36-9+deb12u3	all	install ok installed
libc6	2.36-9+deb12u3	amd64	install ok installed
libcap-ng0	0.8.3-1+b3	amd64	install ok installed
libcap2	1:2.66-4	amd64	install ok installed
libcap2-bin	1:2.66-4	amd64	install ok installed
libcbor0.8	0.8.0-2+b1	amd64	install ok installed
libcom-err2	1.47.0-2	amd64	install ok installed
libcrypt1	1:4.4.33-2	amd64	install ok installed
libcryptsetup12	2:2.6.1-4~deb12u1	amd64	install ok installed
libdb5.3	5.3.28+dfsg2-1	amd64	install ok installed
libdbus-1-3	1.14.10-1~deb12u1	amd64	install ok installed
libdebconfclient0	0.270	amd64	install ok installed
libdevmapper1.02.1	2:1.02.185-2	amd64	install ok installed
libdiscover2	2.1.2-10	amd64	install ok installed
libedit2	3.1-20221030-2	amd64	install ok installed
libelf1	0.188-2.1	amd64	install ok installed
libexpat1	2.5.0-1	amd64	install ok installed
libext2fs2	1.47.0-2	amd64	install ok installed
libfdisk1	2.38.1-5+b1	amd64	install ok installed
libffi8	3.4.4-1	amd64	install ok installed
libfftw3-single3	3.3.10-1	amd64	install ok installed
libfido2-1	1.12.0-2+b1	amd64	install ok installed
libfuse3-3	3.14.0-4	amd64	install ok installed
libgcc-s1	12.2.0-14	amd64	install ok installed
libgcrypt20	1.10.1-3	amd64	install ok installed
libgdbm6	1.23-3	amd64	install ok installed
libglib2.0-0	2.74.6-2	amd64	install ok installed
libgmp10	2:6.2.1+dfsg1-1.1	amd64	install ok installed
libgnutls30	3.7.9-2	amd64	install ok installed
libgomp1	12.2.0-14	amd64	install ok installed
libgpg-error0	1.46-1	amd64	install ok installed
libgpm2	1.20.7-10+b1	amd64	install ok installed
libgssapi-krb5-2	1.20.1-2+deb12u1	amd64	install ok installed
libhogweed6	3.8.1-2	amd64	install ok installed
libidn2-0	2.3.3-1+b1	amd64	install ok installed
libip4tc2	1.8.9-2	amd64	install ok installed
libip6tc2	1.8.9-2	amd64	install ok installed
libiw30	30~pre9-14	amd64	install ok installed
libjansson4	2.14-2	amd64	install ok installed
libjim0.81	0.81+dfsg0-2	amd64	install ok installed
libjson-c5	0.16-2	amd64	install ok installed
libk5crypto3	1.20.1-2+deb12u1	amd64	install ok installed
libkeyutils1	1.6.3-2	amd64	install ok installed
libklibc	2.0.12-1	amd64	install ok installed
libkmod2	30+20221128-1	amd64	install ok installed
libkrb5-3	1.20.1-2+deb12u1	amd64	install ok installed
libkrb5support0	1.20.1-2+deb12u1	amd64	install ok installed
liblocale-gettext-perl	1.07-5	amd64	install ok installed
liblz4-1	1.9.4-1	amd64	install ok installed
liblzma5	5.4.1-0.2	amd64	install ok installed
liblzo2-2	2.10-2	amd64	install ok installed
libmagic-mgc	1:5.44-3	amd64	install ok installed
libmagic1	1:5.44-3	amd64	install ok installed
libmd0	1.0.4-2	amd64	install ok installed
libmnl0	1.0.4-3	amd64	install ok installed
libmount1	2.38.1-5+b1	amd64	install ok installed
libncursesw6	6.4-4	amd64	install ok installed
libnetfilter-conntrack3	1.0.9-3	amd64	install ok installed
libnettle8	3.8.1-2	amd64	install ok installed
libnewt0.52	0.52.23-1+b1	amd64	install ok installed
libnfnetlink0	1.0.2-2	amd64	install ok installed
libnftables1	1.0.6-2+deb12u2	amd64	install ok installed
libnftnl11	1.2.4-2	amd64	install ok installed
libnl-3-200	3.7.0-0.2+b1	amd64	install ok installed
libnl-genl-3-200	3.7.0-0.2+b1	amd64	install ok installed
libnl-route-3-200	3.7.0-0.2+b1	amd64	install ok installed
libnsl2	1.3.0-2	amd64	install ok installed
libntfs-3g89	1:2022.10.3-1+b1	amd64	install ok installed
libp11-kit0	0.24.1-2	amd64	install ok installed
libpam-modules	1.5.2-6+deb12u1	amd64	install ok installed
libpam-modules-bin	1.5.2-6+deb12u1	amd64	install ok installed
libpam-runtime	1.5.2-6+deb12u1	all	install ok installed
libpam0g	1.5.2-6+deb12u1	amd64	install ok installed
libpci3	1:3.9.0-4	amd64	install ok installed
libpcre2-8-0	10.42-1	amd64	install ok installed
libpcsclite1	1.9.9-2	amd64	install ok installed
libpipeline1	1.5.7-1	amd64	install ok installed
libpopt0	1.19+dfsg-1	amd64	install ok installed
libproc2-0	2:4.0.2-3	amd64	install ok installed
libpsl5	0.21.2-1	amd64	install ok installed
libpython3-stdlib	3.11.2-1+b1	amd64	install ok installed
libpython3.11-minimal	3.11.2-6	amd64	install ok installed
libpython3.11-stdlib	3.11.2-6	amd64	install ok installed
libreadline8	8.2-1.3	amd64	install ok installed
libsamplerate0	0.2.2-3	amd64	install ok installed
libseccomp2	2.5.4-1+b3	amd64	install ok installed
libselinux1	3.4-1+b6	amd64	install ok installed
libsemanage-common	3.4-1	all	install ok installed
libsemanage2	3.4-1+b5	amd64	install ok installed
libsepol2	3.4-2.1	amd64	install ok installed
libslang2	2.3.3-3	amd64	install ok installed
libsmartcols1	2.38.1-5+b1	amd64	install ok installed
libsqlite3-0	3.40.1-2	amd64	install ok installed
libss2	1.47.0-2	amd64	install ok installed
libssh2-1	1.10.0-3+b1	amd64	install ok installed
libssl3	3.0.11-1~deb12u1	amd64	install ok installed
libstdc++6	12.2.0-14	amd64	install ok installed
libsystemd-shared	252.17-1~deb12u1	amd64	install ok installed
libsystemd0	252.17-1~deb12u1	amd64	install ok installed
libtasn1-6	4.19.0-2	amd64	install ok installed
libtext-charwidth-perl	0.04-11	amd64	install ok installed
libtext-iconv-perl	1.7-8	amd64	install ok installed
libtext-wrapi18n-perl	0.06-10	all	install ok installed
libtinfo6	6.4-4	amd64	install ok installed
libtirpc-common	1.3.3+ds-1	all	install ok installed
libtirpc3	1.3.3+ds-1	amd64	install ok installed
libuchardet0	0.0.7-1	amd64	install ok installed
libudev1	252.17-1~deb12u1	amd64	install ok installed
libunistring2	1.0-2	amd64	install ok installed
libusb-1.0-0	2:1.0.26-1	amd64	install ok installed
libuuid1	2.38.1-5+b1	amd64	install ok installed
libwrap0	7.6.q-32	amd64	install ok installed
libxtables12	1.8.9-2	amd64	install ok installed
libxxhash0	0.8.1-1	amd64	install ok installed
libzstd1	1.5.4+dfsg2-5	amd64	install ok installed
linux-base	4.9	all	install ok installed
linux-image-6.1.0-13-amd64	6.1.55-1	amd64	deinstall ok config-files
linux-image-6.1.38	6.1.38-1	amd64	install ok installed
linux-image-amd64	6.1.55-1	amd64	deinstall ok config-files
locales	2.36-9+deb12u3	all	install ok installed
login	1:4.13+dfsg1-1+b1	amd64	install ok installed
logrotate	3.21.0-1	amd64	install ok installed
logsave	1.47.0-2	amd64	install ok installed
lsof	4.95.0-1	amd64	install ok installed
man-db	2.11.2-2	amd64	install ok installed
mawk	1.3.4.20200120-3.1	amd64	install ok installed
mc	3:4.8.29-2	amd64	install ok installed
mc-data	3:4.8.29-2	all	install ok installed
mdadm	4.2-5	amd64	install ok installed
media-types	10.0.0	all	install ok installed
mount	2.38.1-5+b1	amd64	install ok installed
nano	7.2-1	amd64	install ok installed
ncurses-base	6.4-4	all	install ok installed
ncurses-bin	6.4-4	amd64	install ok installed
net-tools	2.10-0.1	amd64	install ok installed
netbase	6.4	all	install ok installed
netcat-openbsd	1.219-1	amd64	install ok installed
nftables	1.0.6-2+deb12u2	amd64	install ok installed
ntfs-3g	1:2022.10.3-1+b1	amd64	install ok installed
ntpdate	1:4.2.8p15+dfsg-2~1.2.2+dfsg1-1+deb12u1	all	install ok installed
ntpsec-ntpdate	1.2.2+dfsg1-1+deb12u1	amd64	install ok installed
ntpsec-ntpdig	1.2.2+dfsg1-1+deb12u1	amd64	install ok installed
openssh-client	1:9.2p1-2+deb12u1	amd64	install ok installed
openssh-server	1:9.2p1-2+deb12u1	amd64	install ok installed
openssh-sftp-server	1:9.2p1-2+deb12u1	amd64	install ok installed
openssl	3.0.11-1~deb12u1	amd64	install ok installed
passwd	1:4.13+dfsg1-1+b1	amd64	install ok installed
pci.ids	0.0~2023.04.11-1	all	install ok installed
pciutils	1:3.9.0-4	amd64	install ok installed
perl-base	5.36.0-7	amd64	install ok installed
pm-utils	1.4.1-19	all	install ok installed
powermgmt-base	1.37	all	install ok installed
procps	2:4.0.2-3	amd64	install ok installed
psmisc	23.6-1	amd64	install ok installed
python3	3.11.2-1+b1	amd64	install ok installed
python3-minimal	3.11.2-1+b1	amd64	install ok installed
python3-ntp	1.2.2+dfsg1-1+deb12u1	amd64	install ok installed
python3.11	3.11.2-6	amd64	install ok installed
python3.11-minimal	3.11.2-6	amd64	install ok installed
readline-common	8.2-1.3	all	install ok installed
rfkill	2.38.1-5+b1	amd64	install ok installed
rsync	3.2.7-1	amd64	install ok installed
runit-helper	2.15.2	all	install ok installed
sdparm	1.12-1	amd64	install ok installed
sed	4.9-1	amd64	install ok installed
sensible-utils	0.0.17+nmu1	all	install ok installed
smartmontools	7.3-1+b1	amd64	install ok installed
squashfs-tools	1:4.5.1-1	amd64	install ok installed
ssh	1:9.2p1-2+deb12u1	all	install ok installed
systemd	252.17-1~deb12u1	amd64	install ok installed
systemd-sysv	252.17-1~deb12u1	amd64	install ok installed
sysvinit-utils	3.06-4	amd64	install ok installed
tar	1.34+dfsg-1.2	amd64	install ok installed
tasksel	3.73	all	install ok installed
tasksel-data	3.73	all	install ok installed
tzdata	2023c-5	all	install ok installed
ucf	3.0043+nmu1	all	install ok installed
udev	252.17-1~deb12u1	amd64	install ok installed
unzip	6.0-28	amd64	install ok installed
usb-modeswitch	2.6.1-3+b1	amd64	install ok installed
usb-modeswitch-data	20191128-5	all	install ok installed
usbutils	1:014-1	amd64	install ok installed
usr-is-merged	35	all	install ok installed
util-linux	2.38.1-5+b1	amd64	install ok installed
util-linux-extra	2.38.1-5+b1	amd64	install ok installed
vim-common	2:9.0.1378-2	all	deinstall ok config-files
vim-tiny	2:9.0.1378-2	amd64	deinstall ok config-files
virt-what	1.25-1	amd64	install ok installed
wget	1.21.3-1+b2	amd64	install ok installed
whiptail	0.52.23-1+b1	amd64	install ok installed
wireless-tools	30~pre9-14	amd64	install ok installed
wpasupplicant	2:2.10-12	amd64	install ok installed
xkb-data	2.35.1-1	all	install ok installed
xz-utils	5.4.1-0.2	amd64	install ok installed
zip	3.0-13	amd64	install ok installed
zlib1g	1:1.2.13.dfsg-1	amd64	install ok installed
zstd	1.5.4+dfsg2-5	amd64	install ok installed
