01-core	aaa_base-15.1-i586-2
01-core	aaa_glibc-solibs-2.37-i586-3
01-core	aaa_libraries-15.1-i586-21
01-core	aaa_terminfo-6.4_20230610-i586-1
01-core	acl-2.3.1-i586-1
01-core	acpid-2.0.34-i586-1
01-core	alsa-lib-1.2.10-i586-1
01-core	alsa-oss-1.1.8-i586-3
01-core	alsa-plugins-1.2.7.1-i586-2
01-core	alsa-utils-1.2.10-i586-1
01-core	amp-0.7.6-i586-5
01-core	attr-2.5.1-i586-1
01-core	bash-5.2.015-i586-1
01-core	bc-1.07.1-i586-5
01-core	bin-11.1-i586-5
01-core	bpe-2.01.00-i586-6
01-core	bridge-utils-1.7.1-i586-1
01-core	bsd-finger-0.17-i586-5
01-core	btrfs-progs-6.5.2-i586-1
01-core	bzip2-1.0.8-i586-3
01-core	ca-certificates-20230721-noarch-1
01-core	cdparanoia-III_10.2-i586-5
01-core	cdrtools-3.02a09-i586-1
01-core	cifs-utils-7.0-i586-1
01-core	coreutils-9.4-i586-1
01-core	cpio-2.14-i586-1
01-core	cpufrequtils-008-i586-4
01-core	cracklib-2.9.11-i586-1
01-core	cryptsetup-2.6.1-i586-3
01-core	cyrus-sasl-2.1.28-i586-3
01-core	dbus-1.14.10-i586-1
01-core	dcron-4.5-i586-13
01-core	ddrescue-1.27-i586-1
01-core	devs-2.3.1-noarch-25
01-core	dhcpcd-10.0.3-i586-1
01-core	dialog-1.3_20231002-i586-1
01-core	diffutils-3.10-i586-1
01-core	dmapi-2.2.12-i586-5
01-core	dmidecode-3.5-i586-1
01-core	dnsmasq-2.89-i586-1
01-core	dosfstools-4.2-i586-2
01-core	dvd+rw-tools-7.1-i586-5
01-core	e2fsprogs-1.47.0-i586-1
01-core	ed-1.19-i586-1
01-core	efibootmgr-20191011_e8ce9fe-i586-4
01-core	efivar-20201015_cff88dd-i586-1
01-core	elilo-3.16-i586-16
01-core	elogind-252.9-i586-2
01-core	etc-15.1-i586-3
01-core	ethtool-5.19-i586-1
01-core	eudev-3.2.14-i586-1
01-core	exfatprogs-1.2.1-i586-1
01-core	f2fs-tools-1.16.0-i586-2
01-core	file-5.45-i586-1
01-core	findutils-4.9.0-i586-1
01-core	flac-1.4.3-i586-1
01-core	floppy-5.5-i586-4
01-core	fuse-2.9.9-i586-4
01-core	gawk-5.2.2-i586-1
01-core	genpower-1.0.5-i586-5
01-core	gettext-0.22.3-i586-1
01-core	glibc-2.37-i586-3
01-core	glibc-zoneinfo-2023c-noarch-1
01-core	gnupg-1.4.23-i586-5
01-core	gpm-1.20.7-i586-9
01-core	gptfdisk-1.0.9-i586-2
01-core	grep-3.11-i586-1
01-core	groff-1.23.0-i586-1
01-core	gzip-1.13-i586-1
01-core	haveged-1.9.18-i586-1
01-core	hdparm-9.65-i586-1
01-core	hostname-3.23-i586-3
01-core	htop-3.2.2-i586-1
01-core	hwdata-0.375-noarch-1
01-core	icmpinfo-1.11-i586-5
01-core	iftop-1.0pre4-i586-4
01-core	infozip-6.0-i586-7
01-core	inih-57-i586-1
01-core	inotify-tools-4.23.9.0-i586-1
01-core	iproute2-6.5.0-i586-2
01-core	iptables-1.8.9-i586-1
01-core	iptraf-ng-1.2.1-i586-3
01-core	iputils-20221126-i586-1
01-core	ipw2100-fw-1.3-fw-3
01-core	ipw2200-fw-3.1-fw-3
01-core	iw-5.19-i586-1
01-core	jfsutils-1.1.15-i586-4
01-core	kmod-31-i586-1
01-core	lame-3.100-i586-4
01-core	lbzip2-2.5-i586-4
01-core	less-643-i586-1
01-core	lhasa-0.4.0-i586-1
01-core	libao-1.2.2-i586-4
01-core	libarchive-3.7.2-i586-1
01-core	libasyncns-0.8-i586-6
01-core	libblockdev-2.28-i586-1
01-core	libbytesize-2.8-i586-1
01-core	libcap-ng-0.8.3-i586-1
01-core	libcgroup-0.41-i586-11
01-core	libgudev-237-i586-1
01-core	libmnl-1.0.5-i586-1
01-core	libnl-1.1.4-i586-5
01-core	libnl3-3.8.0-i586-1
01-core	libogg-1.3.5-i586-1
01-core	libopusenc-0.2.1-i586-3
01-core	libpcap-1.10.4-i586-1
01-core	libpwquality-1.4.5-i586-1
01-core	libraw1394-2.1.2-i586-4
01-core	libseccomp-2.5.4-i586-1
01-core	libsndfile-1.2.2-i586-1
01-core	libunistring-1.1-i586-1
01-core	libusb-1.0.26-i586-1
01-core	libvorbis-1.3.7-i586-3
01-core	libx86-1.1-i586-5
01-core	lilo-24.2-i586-12
01-core	linux-kernel-6.1.38-i686-1
01-core	lm_sensors-3.6.0-i586-3
01-core	logrotate-3.21.0-i586-1
01-core	lrzip-0.651-i586-1
01-core	lsof-4.98.0-i586-1
01-core	lsscsi-0.32-i586-1
01-core	lvm2-2.03.13-i586-1
01-core	lz4-1.9.4-i586-1
01-core	lzip-1.23-i586-1
01-core	lzlib-1.13-i586-1
01-core	lzo-2.10-i586-4
01-core	man-db-2.12.0-i586-1
01-core	man-pages-6.05.01-noarch-1
01-core	mc-4.8.30-i586-1
01-core	mcelog-195-i586-1
01-core	mdadm-4.2-i586-1
01-core	most-5.2.0-i586-1
01-core	mpg123-1.32.3-i586-1
01-core	mt-st-1.7-i586-1
01-core	mtr-0.95-i586-1
01-core	mtx-1.3.12-i586-4
01-core	nc-1.10-i586-4
01-core	ncompress-5.0-i586-2
01-core	ncurses-6.4_20230610-i586-1
01-core	ndctl-74-i586-1
01-core	net-tools-20181103_0eebece-i586-3
01-core	netkit-ftp-0.17-i586-7
01-core	netkit-ntalk-0.17-i586-7
01-core	netwatch-1.3.1_2-i586-5
01-core	network-scripts-15.1-noarch-1
01-core	ntfs-3g-2022.10.3-i586-1
01-core	ntp-4.2.8p17-i586-3
01-core	openssh-9.5p1-i586-1
01-core	openssl-3.1.3-i586-1
01-core	openvpn-2.6.6-i586-1
01-core	opus-1.4-i586-1
01-core	orc-0.4.34-i586-1
01-core	os-prober-1.79-i586-1
01-core	pam-1.5.3-i586-1
01-core	parted-3.6-i586-1
01-core	patch-2.7.6-i586-5
01-core	pciutils-3.10.0-i586-1
01-core	pcmciautils-018-i586-5
01-core	pkgtools-15.1-noarch-7
01-core	plzip-1.10-i586-1
01-core	popt-1.19-i586-1
01-core	powertop-2.15-i586-1
01-core	ppp-2.4.9-i586-4
01-core	procps-ng-3.3.17-i586-2
01-core	pssh-2.3.5-i586-1
01-core	pulseaudio-16.1-i586-2
01-core	quota-4.09-i586-2
01-core	radeontool-1.6.3-i586-4
01-core	rdist-6.1.5-i586-5
01-core	reiserfsprogs-3.6.27-i586-5
01-core	rp-pppoe-3.15-i586-1
01-core	rpm2tgz-1.2.2-i586-7
01-core	rsync-3.2.7-i586-2
01-core	rzip-2.1-i586-4
01-core	screen-4.9.1-i586-1
01-core	sdparm-1.12-i586-3
01-core	sed-4.9-i586-1
01-core	sg3_utils-1.48-i586-1
01-core	shadow-4.13-i586-1
01-core	sharutils-4.15.2-i586-4
01-core	slackpkg+-1.8.0-noarch-6mt
01-core	slackpkg-15.0.10-noarch-2
01-core	smartmontools-7.4-i586-1
01-core	speexdsp-1.2.1-i586-1
01-core	splitvt-1.6.6-i586-5
01-core	squashfs-tools-4.6.1-i586-1
01-core	strace-6.5-i586-1
01-core	sysfsutils-2.1.1-i586-1
01-core	sysklogd-2.5.2-i586-1
01-core	syslinux-4.07-i586-4
01-core	sysstat-12.7.4-i586-1
01-core	sysvinit-3.08-i586-1
01-core	sysvinit-functions-8.53-i586-6
01-core	sysvinit-scripts-15.1-noarch-7
01-core	tar-1.35-i586-1
01-core	tcp_wrappers-7.6-i586-7
01-core	tcpdump-4.99.4-i586-1
01-core	tcsh-6.24.10-i586-1
01-core	telnet-0.17-i586-6
01-core	time-1.9-i586-4
01-core	traceroute-2.1.2-i586-1
01-core	tree-2.1.1-i586-1
01-core	udisks-1.0.5-i586-11
01-core	udisks2-2.9.4-i586-1
01-core	unarj-265-i586-4
01-core	upower-1.90.1-i586-1
01-core	usb_modeswitch-2.6.1-i586-3
01-core	usbutils-015-i586-1
01-core	userspace-rcu-0.14.0-i586-1
01-core	utempter-1.2.1-i586-1
01-core	util-linux-2.39.2-i586-1
01-core	vbetool-1.2.2-i586-4
01-core	virt-what-1.24-i586-1_SBo
01-core	vlan-1.9-i586-5
01-core	volume_key-0.3.12-i586-5
01-core	wget-1.21.4-i586-1
01-core	which-2.21-i586-4
01-core	whois-5.5.18-i586-1
01-core	wireless_tools-30.pre9-i586-5
01-core	wpa_supplicant-2.10-i586-2
01-core	xfsdump-3.1.12-i586-1
01-core	xfsprogs-6.4.0-i586-1
01-core	xz-5.4.4-i586-1
01-core	zd1211-firmware-1.5-fw-4
01-core	zerofree-1.1.1-i586-3
01-core	zlib-1.3-i586-1
01-core	zoo-2.10_22-i586-4
01-firmware	kernel-firmware-from-debian-nover-noarch-1
02-xorg	blackbox-0.77-i586-1
02-xorg	brotli-1.1.0-i586-1
02-xorg	dejavu-fonts-ttf-2.37-noarch-6
02-xorg	fontconfig-2.13.92-i586-3
02-xorg	freetype-2.13.2-i586-1
02-xorg	graphite2-1.3.14-i586-3
02-xorg	harfbuzz-8.2.1-i586-1
02-xorg	iceauth-1.0.9-i586-1
02-xorg	libFS-1.0.9-i586-1
02-xorg	libICE-1.1.1-i586-1
02-xorg	libSM-1.2.4-i586-1
02-xorg	libX11-1.8.7-i586-1
02-xorg	libXScrnSaver-1.2.4-i586-1
02-xorg	libXau-1.0.11-i586-1
02-xorg	libXaw-1.0.15-i586-1
02-xorg	libXaw3d-1.6.5-i586-1
02-xorg	libXaw3dXft-1.6.2h-i586-3
02-xorg	libXcm-0.5.4-i586-3
02-xorg	libXcomposite-0.4.6-i586-1
02-xorg	libXcursor-1.2.1-i586-1
02-xorg	libXdamage-1.1.6-i586-1
02-xorg	libXdmcp-1.1.4-i586-1
02-xorg	libXevie-1.0.3-i586-5
02-xorg	libXext-1.3.5-i586-1
02-xorg	libXfixes-6.0.1-i586-1
02-xorg	libXfont2-2.0.6-i586-1
02-xorg	libXfontcache-1.0.5-i586-5
02-xorg	libXft-2.3.8-i586-1
02-xorg	libXi-1.8.1-i586-1
02-xorg	libXinerama-1.1.5-i586-1
02-xorg	libXmu-1.1.4-i586-1
02-xorg	libXp-1.0.4-i586-1
02-xorg	libXpm-3.5.17-i586-1
02-xorg	libXpresent-1.0.1-i586-1
02-xorg	libXrandr-1.5.4-i586-1
02-xorg	libXrender-0.9.11-i586-1
02-xorg	libXres-1.2.2-i586-1
02-xorg	libXt-1.3.0-i586-1
02-xorg	libXtst-1.2.4-i586-1
02-xorg	libXv-1.0.12-i586-1
02-xorg	libXvMC-1.0.13-i586-1
02-xorg	libXxf86dga-1.1.6-i586-1
02-xorg	libXxf86misc-1.0.4-i586-3
02-xorg	libXxf86vm-1.1.5-i586-1
02-xorg	libdmx-1.1.5-i586-1
02-xorg	libdrm-2.4.116-i586-1
02-xorg	libepoxy-1.5.10-i586-1
02-xorg	libevdev-1.13.1-i586-1
02-xorg	libfontenc-1.1.7-i586-1
02-xorg	libgcrypt-1.10.2-i586-1
02-xorg	libgee-0.20.6-i586-1
02-xorg	libglvnd-1.7.0-i586-1
02-xorg	libgpg-error-1.47-i586-1
02-xorg	libinput-1.24.0-i586-1
02-xorg	libmypaint-1.6.1-i586-4
02-xorg	libpciaccess-0.17-i586-1
02-xorg	libpthread-stubs-0.5-i586-1
02-xorg	libva-2.20.0-i586-1
02-xorg	libvdpau-1.5-i586-1
02-xorg	libwacom-2.8.0-i586-1
02-xorg	libxcb-1.16-i586-1
02-xorg	libxcvt-0.1.2-i586-1
02-xorg	libxkbfile-1.1.2-i586-1
02-xorg	libxml2-2.9.14-i586-1
02-xorg	libxshmfence-1.3.2-i586-1
02-xorg	mkfontscale-1.2.2-i586-1
02-xorg	mtdev-1.1.6-i586-3
02-xorg	nettle-3.9.1-i586-1
02-xorg	pixman-0.42.2-i586-1
02-xorg	rendercheck-1.5-i586-4
02-xorg	sessreg-1.1.3-i586-1
02-xorg	setxkbmap-1.3.4-i586-1
02-xorg	transset-1.0.3-i586-1
02-xorg	x11-skel-7.7-i586-9
02-xorg	xauth-1.1.2-i586-1
02-xorg	xbacklight-1.2.3-i586-3
02-xorg	xcb-util-0.4.1-i586-1
02-xorg	xcb-util-image-0.4.1-i586-1
02-xorg	xcb-util-keysyms-0.4.1-i586-1
02-xorg	xcb-util-renderutil-0.3.10-i586-1
02-xorg	xcb-util-wm-0.4.2-i586-1
02-xorg	xcompmgr-1.1.9-i586-1
02-xorg	xdg-user-dirs-0.18-i586-1
02-xorg	xdg-utils-1.1.3-noarch-4
02-xorg	xdriinfo-1.0.7-i586-1
02-xorg	xev-1.2.5-i586-1
02-xorg	xf86-input-evdev-2.10.6-i586-4
02-xorg	xf86-input-libinput-1.4.0-i586-1
02-xorg	xf86-input-synaptics-1.9.2-i586-1
02-xorg	xf86-input-wacom-1.2.0-i586-1
02-xorg	xf86-video-amdgpu-23.0.0-i586-1
02-xorg	xf86-video-ati-20220730_7a6a34af-i586-1
02-xorg	xf86-video-dummy-0.4.1-i586-1
02-xorg	xf86-video-intel-20210115_31486f40-i686-1
02-xorg	xf86-video-nouveau-20220125_29cc528-i586-1
02-xorg	xf86-video-openchrome-0.6.0-i586-6
02-xorg	xf86-video-vesa-2.6.0-i586-1
02-xorg	xf86-video-vmware-13.4.0-i586-1
02-xorg	xfontsel-1.1.0-i586-1
02-xorg	xgamma-1.0.7-i586-1
02-xorg	xhost-1.0.9-i586-1
02-xorg	xinit-1.4.2-i586-1
02-xorg	xkbcomp-1.4.6-i586-1
02-xorg	xkeyboard-config-2.40-noarch-1
02-xorg	xmag-1.0.7-i586-1
02-xorg	xmessage-1.0.6-i586-1
02-xorg	xmodmap-1.0.11-i586-1
02-xorg	xorg-server-21.1.8-i586-1
02-xorg	xprop-1.2.6-i586-1
02-xorg	xrandr-1.5.2-i586-1
02-xorg	xrdb-1.2.2-i586-1
02-xorg	xrefresh-1.0.7-i586-1
02-xorg	xset-1.2.5-i586-1
02-xorg	xsetroot-1.1.3-i586-1
02-xorg	xterm-385-i586-1
02-xorg	xvidtune-1.0.4-i586-1
02-xorg	xvinfo-1.1.5-i586-1
02-xorg	xwininfo-1.1.6-i586-1
03-desktop	at-spi2-core-2.50.0-i586-1
03-desktop	binutils-2.41-i586-1
03-desktop	boost-1.83.0-i586-1
03-desktop	cairo-1.18.0-i586-2
03-desktop	compton-316eac0613bf342ff91cc645a6c3c80e6b9083fb-i586-1_SBo
03-desktop	exo-4.18.0-i586-1
03-desktop	feh-3.6.1-i586-1_SBo
03-desktop	fluxbox-1.3.7-i586-6
03-desktop	fribidi-1.0.13-i586-1
03-desktop	garcon-4.18.1-i586-1
03-desktop	gdk-pixbuf2-2.42.10-i586-1
03-desktop	giblib-1.2.4-i586-5_SBo
03-desktop	giflib-5.2.1-i586-4
03-desktop	glib2-2.78.0-i586-2
03-desktop	gmime-3.2.14-i586-1
03-desktop	gnome-themes-extra-3.28-i586-3
03-desktop	gtk+2-2.24.33-i586-3
03-desktop	gtk+3-3.24.38-i586-1
03-desktop	hicolor-icon-theme-0.17-noarch-4
03-desktop	imlib2-1.9.1-i586-1_SBo
03-desktop	libconfig-1.7.2-i586-2_SBo
03-desktop	libdbusmenu-16.04.0-i586-3
03-desktop	libjpeg-turbo-3.0.0-i586-1
03-desktop	libpng-1.6.40-i586-1
03-desktop	libtiff-4.4.0-i586-2
03-desktop	libwnck3-43.0-i586-1
03-desktop	libxfce4ui-4.18.4-i586-1
03-desktop	libxfce4util-4.18.1-i586-1
03-desktop	libxkbcommon-1.5.0-i586-1
03-desktop	pamixer-1.5-i586-7
03-desktop	pango-1.50.14-i586-1
03-desktop	pcre-8.45-i586-1
03-desktop	scrot-0.8-i586-4_SBo
03-desktop	shared-mime-info-2.2-i586-1
03-desktop	slax-gtk-utils-nover-i686-1
03-desktop	startup-notification-0.12-i586-5
03-desktop	tango-icon-theme-0.8.90-noarch-6
03-desktop	volumeicon-0.5.1-i586-1_SBo
03-desktop	wayland-1.22.0-i586-1
03-desktop	wmctrl-1.07-i586-2_SBo
03-desktop	xfce4-panel-4.18.5-i586-1
03-desktop	xfconf-4.18.1-i586-1
03-desktop	xlunch-4.7.5-i586-1_SBo
04-apps	adwaita-icon-theme-45.0-noarch-1
04-apps	connman-1.36-i586-1_SBo
04-apps	connman-gtk-1.1.1-i586-1_SBo
04-apps	dbus-glib-0.112-i586-1
04-apps	galculator-2.1.4-i586-1_SBo
04-apps	gnutls-3.8.1-i586-1
04-apps	libexif-0.6.24-i586-1
04-apps	libfm-1.3.2-i586-2_SBo
04-apps	libfm-extra-1.3.2-i586-2_SBo
04-apps	lxtask-0.1.10-i586-1_SBo
04-apps	menu-cache-1.1.0-i586-2_SBo
04-apps	p11-kit-0.25.0-i586-1
04-apps	pcmanfm-1.3.2-i586-2_SBo
04-apps	scite-5.2.1-i586-1_SBo
04-apps	xarchiver-0.5.4.17-i586-1_SBo
05-chromium	chromium-117.0.5938.149-i586-1alien
05-chromium	icu4c-73.2-i586-1
05-chromium	mozilla-nss-3.94-i586-1
05-chromium	sqlite-3.43.1-i586-2
06-devel	elfutils-0.189-i586-1
06-devel	flex-2.6.4-i586-5
06-devel	gc-8.2.4-i586-1
06-devel	gcc-13.2.0-i586-1
06-devel	gcc-g++-13.2.0-i586-1
06-devel	guile-3.0.9-i586-1
06-devel	kernel-headers-6.1.56_smp-x86-1
06-devel	libffi-3.4.4-i586-1
06-devel	libmpc-1.3.1-i586-1
06-devel	make-4.4.1-i586-1
06-devel	mpfr-4.2.1-i586-1
06-devel	nasm-2.16.01-i586-1
06-devel	pkg-config-0.29.2-i586-4
06-devel	xorgproto-2023.2-i586-1
06-devel	yasm-1.3.0-i586-4
